{
  "name" : "job-1657228722799",
  "sourceOrgId" : "a2OwuscQSvwbqA3AZTtlCv",
  "sourceOrgName" : "Bawanti Infa DEV",
  "exportedObjects" : [ {
    "objectGuid" : "5THvZ4E6wGsdWQGEKQyZa1",
    "objectName" : "JiraGetProjects",
    "objectType" : "Connection",
    "path" : "/SYS",
    "metadata" : {
      "modelVersion" : {
        "major" : 0,
        "minor" : 0
      },
      "repoInfo" : {
        "repoHandle" : "0102OB0B00000000002N"
      },
      "objectRefs" : [ "8ejGhT7U5ZnhvYusbPp76c" ],
      "contextAttributes" : [ {
        "name" : "id",
        "value" : "@1"
      } ],
      "additionalInfo" : {
        "description" : null,
        "contentType" : "JSON",
        "documentState" : "COMPLETE"
      }
    }
  }, {
    "objectGuid" : "4Z64v7zmbuveB4XVwgZTOS",
    "objectName" : "mct_jira_getProjects_flatfile",
    "objectType" : "MTT",
    "path" : "/Explore/JIRA",
    "metadata" : {
      "modelVersion" : {
        "major" : 0,
        "minor" : 0
      },
      "repoInfo" : {
        "repoHandle" : "0102OB0Z00000000006E"
      },
      "objectRefs" : [ "5THvZ4E6wGsdWQGEKQyZa1", "l3nX4P1OPYUjEmRcI8JPgk", "8ejGhT7U5ZnhvYusbPp76c", "afZcmPlhpEOjuDCszxEmAw" ],
      "contextAttributes" : [ {
        "name" : "id",
        "value" : "@1"
      } ],
      "additionalInfo" : {
        "description" : "",
        "contentType" : "JSON",
        "documentState" : "VALID"
      }
    }
  }, {
    "objectGuid" : "l3nX4P1OPYUjEmRcI8JPgk",
    "objectName" : "FF_Tgt_Conn",
    "objectType" : "Connection",
    "path" : "/SYS",
    "metadata" : {
      "modelVersion" : {
        "major" : 0,
        "minor" : 0
      },
      "repoInfo" : {
        "repoHandle" : "0102OB0B000000000007"
      },
      "objectRefs" : [ "8ejGhT7U5ZnhvYusbPp76c" ],
      "contextAttributes" : [ {
        "name" : "id",
        "value" : "@1"
      } ],
      "additionalInfo" : {
        "description" : null,
        "contentType" : "JSON",
        "documentState" : "COMPLETE"
      }
    }
  }, {
    "objectGuid" : "0c9SJecsLQvcgH4tca4NWM",
    "objectName" : "JIRA",
    "objectType" : "Project",
    "path" : "/Explore",
    "metadata" : {
      "modelVersion" : {
        "major" : 0,
        "minor" : 0
      },
      "repoInfo" : null,
      "objectRefs" : [ ],
      "contextAttributes" : [ ],
      "additionalInfo" : {
        "description" : "",
        "contentType" : "Binary",
        "documentState" : "COMPLETE"
      }
    }
  }, {
    "objectGuid" : "8ejGhT7U5ZnhvYusbPp76c",
    "objectName" : "SecureAgentGroup",
    "objectType" : "AgentGroup",
    "path" : "/SYS",
    "metadata" : {
      "modelVersion" : {
        "major" : 0,
        "minor" : 0
      },
      "repoInfo" : {
        "repoHandle" : "0102OB25000000000004"
      },
      "objectRefs" : [ ],
      "contextAttributes" : [ {
        "name" : "id",
        "value" : "@1"
      } ],
      "additionalInfo" : {
        "description" : null,
        "contentType" : "JSON",
        "documentState" : "VALID"
      }
    }
  }, {
    "objectGuid" : "afZcmPlhpEOjuDCszxEmAw",
    "objectName" : "m_jira_getProjects_flatfile",
    "objectType" : "DTEMPLATE",
    "path" : "/Explore/JIRA",
    "metadata" : {
      "modelVersion" : {
        "major" : 0,
        "minor" : 0
      },
      "repoInfo" : {
        "repoHandle" : "0102OB1700000000004W"
      },
      "objectRefs" : [ "5THvZ4E6wGsdWQGEKQyZa1", "l3nX4P1OPYUjEmRcI8JPgk" ],
      "contextAttributes" : [ {
        "name" : "id",
        "value" : "@1"
      } ],
      "additionalInfo" : {
        "description" : "Used to retrieve projects from Jira Cloud. \n\nFor all the details on the API refer to https://developer.atlassian.com/cloud/jira/platform/rest/v3/api-group-projects/#api-rest-api-3-project-search-get ",
        "contentType" : "JSON",
        "documentState" : "VALID"
      }
    }
  } ]
}